Id,Label
1,A Ashish Reddy
2,A Badoni
3,A Chandila
4,A Chopra
5,A Choudhary
6,A Dananjaya
7,A Flintoff
8,A Kumble
9,A Manohar
10,A Mishra
11,A Mithun
12,A Mukund
13,A Nehra
14,A Nortje
15,A Singh
16,A Symonds
17,A Tomar
18,A Uniyal
19,A Zampa
20,AA Bilakhia
21,AA Chavan
22,AA Jhunjhunwala
23,AA Noffke
24,AB Agarkar
25,AB Barath
26,AB Dinda
27,AB McDonald
28,AB de Villiers
29,AC Blizzard
30,AC Gilchrist
31,AC Thomas
32,AC Voges
33,AD Hales
34,AD Mascarenhas
35,AD Mathews
36,AD Nath
37,AD Russell
38,AF Milne
39,AG Murtaza
40,AG Paunikar
41,AJ Finch
42,AJ Turner
43,AJ Tye
44,AK Markram
45,AL Menaria
46,AM Nayar
47,AM Rahane
48,AN Ahmed
49,AN Ghosh
50,AP Dole
51,AP Majumdar
52,AP Tare
53,AR Bawne
54,AR Patel
55,AS Joseph
56,AS Rajpoot
57,AS Raut
58,AS Roy
59,AS Yadav
60,AT Carey
61,AT Rayudu
62,AUK Pathan
63,Abdul Samad
64,Abdur Razzak
65,Abhishek Sharma
66,Akash Deep
67,Aman Hakim Khan
68,Anirudh Singh
69,Ankit Sharma
70,Ankit Soni
71,Anmolpreet Singh
72,Anuj Rawat
73,Anureet Singh
74,Arshdeep Singh
75,Avesh Khan
76,Azhar Mahmood
77,B Akhil
78,B Chipli
79,B Indrajith
80,B Kumar
81,B Laughlin
82,B Lee
83,B Sai Sudharsan
84,B Stanlake
85,B Sumanth
86,BA Bhatt
87,BA Stokes
88,BAW Mendis
89,BB McCullum
90,BB Samantray
91,BB Sran
92,BCJ Cutting
93,BE Hendricks
94,BJ Haddin
95,BJ Hodge
96,BJ Rohrer
97,BMAJ Mendis
98,BR Dunk
99,Basil Thampi
100,Bipul Sharma
101,C Madan
102,C Munro
103,C Nanda
104,C Sakariya
105,C de Grandhomme
106,CA Ingram
107,CA Lynn
108,CA Pujara
109,CH Gayle
110,CH Morris
111,CJ Anderson
112,CJ Ferguson
113,CJ Jordan
114,CJ McKay
115,CK Kapugedera
116,CK Langeveldt
117,CL White
118,CM Gautam
119,CR Brathwaite
120,CR Woakes
121,CRD Fernando
122,CV Varun
123,D Brevis
124,D Kalyankrishna
125,D Padikkal
126,D Pretorius
127,D Salunkhe
128,D Wiese
129,D du Preez
130,DA Miller
131,DA Warner
132,DAJ Bracewell
133,DB Das
134,DB Ravi Teja
135,DE Bollinger
136,DH Yagnik
137,DJ Bravo
138,DJ Harris
139,DJ Hooda
140,DJ Hussey
141,DJ Jacobs
142,DJ Malan
143,DJ Mitchell
144,DJ Muthuswami
145,DJ Thornely
146,DJ Willey
147,DJG Sammy
148,DJM Short
149,DL Chahar
150,DL Vettori
151,DM Bravo
152,DNT Zoysa
153,DP Conway
154,DP Nannes
155,DP Vijaykumar
156,DPMD Jayawardene
157,DR Martyn
158,DR Sams
159,DR Shorey
160,DR Smith
161,DS Kulkarni
162,DS Lehmann
163,DT Christian
164,DT Patil
165,DW Steyn
166,E Lewis
167,EJG Morgan
168,ER Dwivedi
169,F Behardien
170,F du Plessis
171,FA Allen
172,FH Edwards
173,FY Fazal
174,Fazalhaq Farooqi
175,G Gambhir
176,GB Hogg
177,GC Smith
178,GC Viljoen
179,GD McGrath
180,GD Phillips
181,GH Vihari
182,GHS Garton
183,GJ Bailey
184,GJ Maxwell
185,GR Napier
186,Gurkeerat Singh
187,H Das
188,H Klaasen
189,HE van der Dussen
190,HF Gurney
191,HH Gibbs
192,HH Pandya
193,HM Amla
194,HR Shokeen
195,HV Patel
196,Harbhajan Singh
197,Harmeet Singh
198,Harpreet Brar
199,Harpreet Singh
200,Harshit Rana
201,I Malhotra
202,I Sharma
203,I Udana
204,IC Pandey
205,IK Pathan
206,IR Jaggi
207,IS Sodhi
208,Imran Tahir
209,Iqbal Abdulla
210,Ishan Kishan
211,J Arunkumar
212,J Botha
213,J Suchith
214,J Syed Mohammad
215,J Theron
216,J Yadav
217,JA Morkel
218,JA Richardson
219,JC Archer
220,JC Buttler
221,JD Ryder
222,JD Unadkat
223,JDP Oram
224,JDS Neesham
225,JE Taylor
226,JEC Franklin
227,JH Kallis
228,JJ Bumrah
229,JJ Roy
230,JJ van der Wath
231,JL Denly
232,JL Pattinson
233,JM Bairstow
234,JM Kemp
235,JM Sharma
236,JO Holder
237,JP Duminy
238,JP Faulkner
239,JPR Scantlebury-Searles
240,JR Hazlewood
241,JR Hopes
242,JR Philippe
243,Jaskaran Singh
244,Joginder Sharma
245,K Goel
246,K Gowtham
247,K Kartikeya
248,K Rabada
249,K Upadhyay
250,K Yadav
251,KA Jamieson
252,KA Pollard
253,KAJ Roach
254,KB Arun Karthik
255,KC Cariappa
256,KC Sangakkara
257,KD Karthik
258,KH Pandya
259,KJ Abbott
260,KK Ahmed
261,KK Cooper
262,KK Nair
263,KL Nagarkoti
264,KL Rahul
265,KM Jadhav
266,KMA Paul
267,KMDN Kulasekara
268,KP Appanna
269,KP Pietersen
270,KR Sen
271,KS Bharat
272,KS Sharma
273,KS Williamson
274,KV Sharma
275,KW Richardson
276,Kamran Akmal
277,Kamran Khan
278,Karanveer Singh
279,Kartik Tyagi
280,Kuldeep Yadav
281,L Ablish
282,L Balaji
283,L Ronchi
284,LA Carseldine
285,LA Pomersbach
286,LE Plunkett
287,LH Ferguson
288,LJ Wright
289,LMP Simmons
290,LPC Silva
291,LR Shukla
292,LRPL Taylor
293,LS Livingstone
294,Lalit Yadav
295,M Ashwin
296,M Jansen
297,M Kaif
298,M Kartik
299,M Klinger
300,M Manhas
301,M Markande
302,M Morkel
303,M Muralitharan
304,M Ntini
305,M Prasidh Krishna
306,M Rawat
307,M Shahrukh Khan
308,M Theekshana
309,M Vijay
310,M Vohra
311,M de Lange
312,MA Agarwal
313,MA Khote
314,MA Starc
315,MA Wood
316,MC Henriques
317,MC Juneja
318,MD Mishra
319,MDKJ Perera
320,MEK Hussey
321,MF Maharoof
322,MG Johnson
323,MJ Clarke
324,MJ Guptill
325,MJ Lumb
326,MJ McClenaghan
327,MJ Santner
328,MK Lomror
329,MK Pandey
330,MK Tiwary
331,ML Hayden
332,MM Ali
333,MM Patel
334,MM Sharma
335,MN Samuels
336,MN van Wyk
337,MP Stoinis
338,MR Marsh
339,MS Bisla
340,MS Dhoni
341,MS Gony
342,MS Wade
343,MV Boucher
344,Mandeep Singh
345,Mashrafe Mortaza
346,Misbah-ul-Haq
347,Mohammad Ashraful
348,Mohammad Asif
349,Mohammad Hafeez
350,Mohammad Nabi
351,Mohammed Shami
352,Mohammed Siraj
353,Mohsin Khan
354,Mujeeb Ur Rahman
355,Mukesh Choudhary
356,Mustafizur Rahman
357,N Jagadeesan
358,N Pooran
359,N Rana
360,N Saini
361,ND Doshi
362,NJ Maddinson
363,NJ Rimmington
364,NK Patel
365,NL McCullum
366,NLTC Perera
367,NM Coulter-Nile
368,NS Naik
369,NT Ellis
370,NV Ojha
371,Navdeep Saini
372,OA Shah
373,OF Smith
374,P Awana
375,P Chopra
376,P Dogra
377,P Dubey
378,P Kumar
379,P Negi
380,P Parameswaran
381,P Ray Barman
382,P Sahu
383,P Simran Singh
384,PA Patel
385,PA Reddy
386,PBB Rajapaksa
387,PC Valthaty
388,PD Collingwood
389,PJ Cummins
390,PJ Sangwan
391,PK Garg
392,PM Sarvesh Kumar
393,PN Mankad
394,PP Chawla
395,PP Ojha
396,PP Shaw
397,PR Shah
398,PSP Handscomb
399,PV Tambe
400,PVD Chameera
401,PWH de Silva
402,Pankaj Singh
403,Parvez Rasool
404,Q de Kock
405,R Ashwin
406,R Bhatia
407,R Bishnoi
408,R Dhawan
409,R Dravid
410,R McLaren
411,R Ninan
412,R Parag
413,R Powell
414,R Rampaul
415,R Sanjay Yadav
416,R Sathish
417,R Sharma
418,R Shepherd
419,R Shukla
420,R Tewatia
421,R Vinay Kumar
422,RA Bawa
423,RA Jadeja
424,RA Tripathi
425,RD Chahar
426,RD Gaikwad
427,RE Levi
428,RE van der Merwe
429,RG More
430,RG Sharma
431,RJ Harris
432,RJ Peterson
433,RJ Quiney
434,RK Bhui
435,RK Singh
436,RM Patidar
437,RN ten Doeschate
438,RP Meredith
439,RP Singh
440,RR Bhatkal
441,RR Pant
442,RR Powar
443,RR Raje
444,RR Rossouw
445,RR Sarwan
446,RS Bopara
447,RS Gavaskar
448,RS Sodhi
449,RT Ponting
450,RV Gomez
451,RV Patel
452,RV Uthappa
453,Ramandeep Singh
454,Rashid Khan
455,Rasikh Salam
456,Ravi Bishnoi
457,S Anirudha
458,S Aravind
459,S Badree
460,S Badrinath
461,S Chanderpaul
462,S Dhawan
463,S Dube
464,S Gopal
465,S Kaul
466,S Kaushik
467,S Ladda
468,S Lamichhane
469,S Nadeem
470,S Narwal
471,S Rana
472,S Randiv
473,S Sohal
474,S Sreesanth
475,S Sriram
476,S Tyagi
477,S Vidyut
478,SA Abbott
479,SA Asnodkar
480,SA Yadav
481,SB Bangar
482,SB Jakati
483,SB Joshi
484,SB Styris
485,SB Wagh
486,SC Ganguly
487,SD Chitnis
488,SD Lad
489,SE Bond
490,SE Marsh
491,SE Rutherford
492,SJ Srivastava
493,SK Raina
494,SK Trivedi
495,SK Warne
496,SL Malinga
497,SM Curran
498,SM Harwood
499,SM Katich
500,SM Pollock
501,SMSM Senanayake
502,SN Khan
503,SN Thakur
504,SO Hetmyer
505,SP Fleming
506,SP Goswami
507,SP Jackson
508,SP Narine
509,SPD Smith
510,SR Tendulkar
511,SR Watson
512,SS Cottrell
513,SS Iyer
514,SS Prabhudessai
515,SS Shaikh
516,SS Tiwary
517,ST Jayasuriya
518,STR Binny
519,SV Samson
520,SW Billings
521,SW Tait
522,Sachin Baby
523,Salman Butt
524,Sandeep Sharma
525,Shahbaz Ahmed
526,Shahid Afridi
527,Shakib Al Hasan
528,Shashank Singh
529,Shivam Mavi
530,Shivam Sharma
531,Shoaib Ahmed
532,Shoaib Akhtar
533,Shoaib Malik
534,Shubman Gill
535,Simarjeet Singh
536,Sohail Tanvir
537,Sunny Gupta
538,Sunny Singh
539,Swapnil Singh
540,T Banton
541,T Henderson
542,T Kohli
543,T Natarajan
544,T Shamsi
545,T Stubbs
546,T Taibu
547,T Thushara
548,TA Boult
549,TD Paine
550,TG Southee
551,TH David
552,TK Curran
553,TL Seifert
554,TL Suman
555,TM Dilshan
556,TM Head
557,TM Srivastava
558,TR Birt
559,TS Mills
560,TU Deshpande
561,Tilak Varma
562,U Kaul
563,UA Birla
564,UBT Chand
565,UT Khawaja
566,UT Yadav
567,Umar Gul
568,Umran Malik
569,V Kohli
570,V Pratap Singh
571,V Sehwag
572,V Shankar
573,VG Arora
574,VH Zol
575,VR Aaron
576,VR Iyer
577,VRV Singh
578,VS Malik
579,VS Yeligati
580,VVS Laxman
581,VY Mahesh
582,Virat Singh
583,Vishnu Vinod
584,W Jaffer
585,WA Mota
586,WD Parnell
587,WP Saha
588,WPUJC Vaas
589,Washington Sundar
590,X Thalaivan Sargunam
591,Y Gnaneswara Rao
592,Y Nagar
593,Y Prithvi Raj
594,Y Venugopal Rao
595,YA Abdulla
596,YBK Jaiswal
597,YK Pathan
598,YS Chahal
599,YV Takawale
600,Yash Dayal
601,Yashpal Singh
602,Younis Khan
603,Yuvraj Singh
604,Z Khan
605,ANehra
606,ABDinda
607,ADMathews
608,ADRussell
609,AnureetSingh
610,AzharMahmood
611,BKumar
612,BWHilfenhaus
613,CHMorris
614,DJBravo
615,HarbhajanSingh
616,ImranTahir
617,JBotha
618,JECFranklin
619,JPDuminy
620,JPFaulkner
621,KAPollard
622,KKCooper
623,MKartik
624,MMorkel
625,MGJohnson
626,MMPatel
627,MMSharma
628,MRMarsh
629,MSGony
630,NMCoulter-Nile
631,PAwana
632,PKumar
633,PPChawla
634,PVTambe
635,ParvezRasool
636,RVinayKumar
637,RJPeterson
638,RPSingh
639,SLMalinga
640,SMSMSenanayake
641,SPNarine
642,SRWatson
643,STRBinny
644,SWTait
645,SandeepSharma
646,TGSouthee
647,UTYadav
648,YSChahal
649,ASJoseph
650,GJMaxwell
651,HHPandya
652,JDUnadkat
653,JJBumrah
654,JRHazlewood
655,KRabada
656,KRSen
657,LHFerguson
658,MohammedShami
659,MohammedSiraj
660,MukeshChoudhary
661,PWHdeSilva
662,RAshwin
663,RSaiKishore
664,RShepherd
665,RPMeredith
666,RashidKhan
667,SDube
668,SNThakur
669,ShivamMavi
670,TNatarajan
671,TABoult
672,VRAaron
673,WashingtonSundar
674,RRampaul
675,VPratapSingh
676,DPVijaykumar
677,DWSteyn
678,GDMcGrath
679,HarmeetSingh
680,JRHopes
681,PJSangwan
682,PPOjha
683,SBBangar
684,SBStyris
685,SMPollock
686,VYMahesh
687,WPUJCVaas
688,YVenugopalRao
689,ZKhan
690,AJTye
691,ARPatel
692,BCJCutting
693,BasilThampi
694,DLVettori
695,DPNannes
696,KPPietersen
697,MKTiwary
698,RRRaje
699,STJayasuriya
700,AFlintoff
701,AMishra
702,ABMcDonald
703,CRDFernando
704,IKPathan
705,JAMorkel
706,MMuralitharan
707,RMcLaren
708,RAJadeja
709,RJHarris
710,SKWarne
711,SohailTanvir
712,VRVSingh
713,YAAbdulla
714,AveshKhan
715,JDSNeesham
716,MJansen
717,MTheekshana
718,MustafizurRahman
719,PVDChameera
720,RParag
721,UmranMalik
722,ASingh
723,ASymonds
724,ABAgarkar
725,AGMurtaza
726,ANAhmed
727,BLee
728,BAStokes
729,BBSran
730,DWiese
731,DEBollinger
732,DLChahar
733,DSKulkarni
734,GBHogg
735,ISharma
736,IqbalAbdulla
737,JTheron
738,JHKallis
739,JOHolder
740,KKAhmed
741,KVSharma
742,KamranKhan
743,LAblish
744,LBalaji
745,LRShukla
746,MAStarc
747,MJMcClenaghan
748,NLTCPerera
749,PNegi
750,PCValthaty
751,RBhatia
752,RDhawan
753,RSharma
754,SCGanguly
755,SKTrivedi
756,TSMills
757,SKRaina
758,AChandila
759,SSreesanth
760,ADMascarenhas
761,JoginderSharma
762,CJJordan
763,SimarjeetSingh
764,ShakibAlHasan
765,AKumble
766,ACThomas
767,ALMenaria
768,APDole
769,AnandRajan
770,BAkhil
771,BABhatt
772,BJHodge
773,BipulSharma
774,CHGayle
775,CKLangeveldt
776,DSalunkhe
777,DJHussey
778,DTChristian
779,JETaylor
780,JMKemp
781,KPAppanna
782,MBParmar
783,MCHenriques
784,MFMaharoof
785,MashrafeMortaza
786,MohammadAsif
787,MohammadHafeez
788,PDCollingwood
789,PankajSingh
790,REvanderMerwe
791,RRPowar
792,SLadda
793,SNarwal
794,SRandiv
795,SBJakati
796,SEBond
797,SJSrivastava
798,TThushara
799,TMDilshan
800,VKohli
801,WAMota
802,WDParnell
803,YNagar
804,YKPathan
805,YuvrajSingh
806,MohsinKhan
807,JDPOram
808,SMHarwood
809,VSehwag
810,RSathish
811,DJThornely
812,JaskaranSingh
813,KAJRoach
814,PAmarnath
815,THenderson
816,RGSharma
817,PJCummins
818,DAJBracewell
819,SNadeem
820,AAshishReddy
821,ANortje
822,AUniyal
823,AZampa
824,ASRajpoot
825,ASRaut
826,AbhishekSharma
827,AnkitSharma
828,AnkitSoni
829,ArshdeepSingh
830,BLaughlin
831,BAWMendis
832,CJDala
833,CLWhite
834,CRBrathwaite
835,CRWoakes
836,CVVarun
837,DJHooda
838,DJGSammy
839,DRSams
840,DRSmith
841,GCViljoen
842,HVPatel
843,HarpreetBrar
844,ICPandey
845,ISSodhi
846,JSuchith
847,JCArcher
848,JDRyder
849,JLPattinson
850,JPBehrendorff
851,KGowtham
852,KCCariappa
853,KHPandya
854,KJAbbott
855,KLNagarkoti
856,KWRichardson
857,KaranveerSingh
858,KartikTyagi
859,KuldeepYadav
860,MAshwin
861,MMarkande
862,MNtini
863,MPrasidhKrishna
864,MGNeser
865,MJSantner
866,MPStoinis
867,MohammadNabi
868,MonuKumar
869,MujeebUrRahman
870,NRana
871,RTewatia
872,RDChahar
873,RSBopara
874,RVGomez
875,RVPatel
876,RaviBishnoi
877,SBadree
878,SGopal
879,SKaul
880,SKaushik
881,SLamichhane
882,STyagi
883,SERutherford
884,SMCurran
885,SRTendulkar
886,SSCottrell
887,SSSarkar
888,ShivamSharma
889,ShoaibAhmed
890,ShoaibAkhtar
891,TKCurran
892,SAravind
893,SBWagh
894,AMithun
895,AMNayar
896,GHVihari
897,GagandeepSingh
898,JJvanderWath
899,MNSamuels
900,SDChitnis
901,TLSuman
902,VSMalik
903,DJWilley
904,LEPlunkett
905,MKLomror
906,MMAli
907,MdeLange
908,RNtenDoeschate
909,HFGurney
910,BStanlake
911,BEHendricks
912,CSakariya
913,GurkeeratSingh
914,IUdana
915,KAJamieson
916,KMAPaul
917,LNgidi
918,LSLivingstone
919,LalitYadav
920,NavdeepSaini
921,OThomas
922,OFSmith
923,PParameswaran
924,RShukla
925,RGMore
926,SCKuggeleijn
927,ShahbazAhmed
928,TShamsi
929,VShankar
930,YashDayal
931,AChoudhary
932,AFMilne
933,CdeGrandhomme
934,CJAnderson
935,JPRScantlebury-Searles
936,OCMcCoy
937,PSahu
938,SachinBaby
939,TMHead
940,AbdulSamad
941,AmanHakimKhan
942,GHSGarton
943,NTEllis
944,RamandeepSingh
945,VGArora
946,VRIyer
947,KMDNKulasekara
948,MJClarke
949,NLMcCullum
950,YGnaneswaraRao
951,AMSalvi
952,BGeeves
953,DKalyankrishna
954,DduPreez
955,DNTZoysa
956,FHEdwards
957,KGoel
958,ShahidAfridi
959,AAKazi
960,AkashDeep
961,BJRohrer
962,GSSandhu
963,JYadav
964,KKartikeya
965,KUpadhyay
966,MandeepSingh
967,PSuyal
968,SwapnilSingh
969,TUDeshpande
970,YPrithviRaj
971,JSyedMohammad
972,AAChavan
973,HarshitRana
974,KKhejroliya
975,KSantokie
976,AAJhunjhunwala
977,AUKPathan
978,AkashSingh
979,HRShokeen
980,SMBoland
981,DGNalkande
982,NDDoshi
983,FduPlessis
984,TPSudhindra
985,LPCSilva
986,RNinan
987,AMRahane
988,AANoffke
989,SSriram
990,SBJoshi
991,ACVoges
992,GRNapier
993,KMAsif
994,KSWilliamson
995,MJHenry
996,RasikhSalam
997,SMidhun
998,AJFinch
999,FYFazal
1000,DJMuthuswami
1001,LIMeriwala
1002,LJWright
1003,LRPLTaylor
1004,MManhas
1005,NBSingh
1006,SDhawan
1007,SSandeepWarrier
1008,DBRaviTeja
1009,UmarGul
1010,ABadoni
1011,AKMarkram
1012,ASRoy
1013,MPathirana
1014,CJMcKay
1015,DJHarris
1016,PHSolanki
1017,FAAllen
1018,JWHastings
1019,MVijay
1020,PRayBarman
1021,RAShaikh
1022,SAAbbott
1023,TejasBaroka
1024,ShoaibMalik
1025,DPretorius
1026,SRana
1027,BMAJMendis
1028,ShashankSingh
1029,MAKhote
1030,FazalhaqFarooqi
1031,ICPorel
1032,JARichardson
1033,RRBhatkal
1034,ADananjaya
1035,ANel
1036,CKKapugedera
1037,PMSarveshKumar
1038,RATripathi
1039,AbdurRazzak
1040,SVidyut
1041,DBrevis
1042,SSAgarwal
1043,CJGreen
1044,KYadav
1045,MAWood
1046,YBKJaiswal
1047,ACGilchrist
1048,VSYeligati
1049,PDubey
1050,NJRimmington
1051,RRBose
1052,CGanapathy
1053,RSGavaskar
1054,RWPrice
1055,TilakVarma
1056,DJMShort
1057,CNanda
1058,AURashid
1059,SAYadav
1060,SunnyGupta
1061,LMPSimmons
1062,GDPhillips
1063,SNKhan
1064,SSMundhe
1065,RPowell
1066,CMunro
1067,SPDSmith
1068,RSanjayYadav
1069,JalajSSaxena
1070,LACarseldine
1071,SSIyer
1072,DJMitchell
1073,DAWarner
1074,PPrasanth
1075,BChipli
1076,IMalhotra